Source,Target,ID,Weight,Type
643,156,0,3.699313802328156,directed
643,840,1,4.093677259444077,directed
156,643,2,3.6949224935822853,directed
156,840,3,3.7302747311940316,directed
840,643,4,4.0857506348092985,directed
840,156,5,3.7401402431340807,directed
