Source,Target,ID,Weight,Type
840,643,0,-3.0987119549264084,directed
840,156,1,-1.4556566151260293,directed
643,840,2,-3.125386901793462,directed
643,156,3,-1.2489847818233388,directed
156,840,4,-1.379376571533909,directed
156,643,5,-1.2535588890355893,directed
